{"cameraMode":{"drawMode":0,"name":"Shaded","section":"Shading Mode"},"sceneLighting":true,"audioPlay":false,"sceneViewState":{"showFog":false,"showMaterialUpdate":false,"showSkybox":false,"showFlares":false,"showImageEffects":false,"showParticleSystems":false},"in2DMode":false,"pivot":{"x":1.7822401523590088,"y":1.2313563823699952,"z":0.48904576897621157},"rotation":{"x":-0.11007028073072434,"y":0.5702474117279053,"z":-0.07745462656021118,"w":-0.8103722929954529},"size":3.7914116382598879,"orthographic":false}